{
  "chart": {
    "title": "Food: greenhouse gas emissions across the supply chain",
    "subtitle": "[Greenhouse gas emissions](#dod:ghgemissions) are measured in kilograms of [carbon dioxide-equivalents (CO₂eq)](#dod:carbondioxideequivalents) per kilogram of food.",
    "citation": "Joseph Poore and Thomas Nemecek (2018).",
    "originalChartUrl": "https://ourworldindata.org/grapher/food-emissions-supply-chain?stackMode=relative&facet=none&country=Beef+%28beef+herd%29~Cheese~Poultry+Meat~Milk~Eggs~Rice~Pig+Meat~Peas~Bananas~Fish+%28farmed%29~Lamb+%26+Mutton~Beef+%28dairy+herd%29~Shrimps+%28farmed%29~Tofu~Coffee~Sunflower+Oil~Olive+Oil~Palm+Oil~Dark+Chocolate~Tomatoes~Apples~Barley~Berries+%26+Grapes~Beet+Sugar~Brassicas~Cane+Sugar~Cassava~Citrus+Fruit~Groundnuts~Nuts~Maize~Oatmeal~Onions+%26+Leeks~Other+Fruit~Other+Pulses~Other+Vegetables~Soy+milk~Root+Vegetables~Rapeseed+Oil~Potatoes~Soybean+Oil~Wheat+%26+Rye~Wine&v=1&csvType=filtered&useColumnShortNames=false",
    "selection": [
      "Beef (beef herd)",
      "Cheese",
      "Poultry Meat",
      "Milk",
      "Eggs",
      "Rice",
      "Pig Meat",
      "Peas",
      "Bananas",
      "Fish (farmed)",
      "Lamb & Mutton",
      "Beef (dairy herd)",
      "Shrimps (farmed)",
      "Tofu",
      "Coffee",
      "Sunflower Oil",
      "Olive Oil",
      "Palm Oil",
      "Dark Chocolate",
      "Tomatoes"
    ]
  },
  "columns": {
    "food_emissions_land_use": {
      "titleShort": "Land use change",
      "titleLong": "Land use change",
      "unit": "",
      "timespan": "",
      "type": "Numeric",
      "owidVariableId": 146794,
      "citationShort": " – processed by Our World in Data",
      "citationLong": " – processed by Our World in Data. “Land use change” [dataset]. Poore, J., & Nemecek, T. (2018). Reducing food’s environmental impacts through producers and consumers. Science, 360(6392), 987-992. [original data].",
      "fullMetadata": "https://api.ourworldindata.org/v1/indicators/146794.metadata.json"
    },
    "food_emissions_farm": {
      "titleShort": "Farm",
      "titleLong": "Farm",
      "unit": "",
      "timespan": "",
      "type": "Numeric",
      "owidVariableId": 146796,
      "citationShort": " – processed by Our World in Data",
      "citationLong": " – processed by Our World in Data. “Farm” [dataset]. Poore, J., & Nemecek, T. (2018). Reducing food’s environmental impacts through producers and consumers. Science, 360(6392), 987-992. [original data].",
      "fullMetadata": "https://api.ourworldindata.org/v1/indicators/146796.metadata.json"
    },
    "food_emissions_animal_feed": {
      "titleShort": "Animal feed",
      "titleLong": "Animal feed",
      "unit": "",
      "timespan": "",
      "type": "Numeric",
      "owidVariableId": 146795,
      "citationShort": " – processed by Our World in Data",
      "citationLong": " – processed by Our World in Data. “Animal feed” [dataset]. Poore, J., & Nemecek, T. (2018). Reducing food’s environmental impacts through producers and consumers. Science, 360(6392), 987-992. [original data].",
      "fullMetadata": "https://api.ourworldindata.org/v1/indicators/146795.metadata.json"
    },
    "food_emissions_processing": {
      "titleShort": "Processing",
      "titleLong": "Processing",
      "unit": "",
      "timespan": "",
      "type": "Numeric",
      "owidVariableId": 146797,
      "citationShort": " – processed by Our World in Data",
      "citationLong": " – processed by Our World in Data. “Processing” [dataset]. Poore, J., & Nemecek, T. (2018). Reducing food’s environmental impacts through producers and consumers. Science, 360(6392), 987-992. [original data].",
      "fullMetadata": "https://api.ourworldindata.org/v1/indicators/146797.metadata.json"
    },
    "food_emissions_transport": {
      "titleShort": "Transport",
      "titleLong": "Transport",
      "unit": "",
      "timespan": "",
      "type": "Numeric",
      "owidVariableId": 146798,
      "citationShort": " – processed by Our World in Data",
      "citationLong": " – processed by Our World in Data. “Transport” [dataset]. Poore, J., & Nemecek, T. (2018). Reducing food’s environmental impacts through producers and consumers. Science, 360(6392), 987-992. [original data].",
      "fullMetadata": "https://api.ourworldindata.org/v1/indicators/146798.metadata.json"
    },
    "food_emissions_retail": {
      "titleShort": "Retail",
      "titleLong": "Retail",
      "unit": "",
      "timespan": "",
      "type": "Numeric",
      "owidVariableId": 146800,
      "citationShort": " – processed by Our World in Data",
      "citationLong": " – processed by Our World in Data. “Retail” [dataset]. Poore, J., & Nemecek, T. (2018). Reducing food’s environmental impacts through producers and consumers. Science, 360(6392), 987-992. [original data].",
      "fullMetadata": "https://api.ourworldindata.org/v1/indicators/146800.metadata.json"
    },
    "food_emissions_packaging": {
      "titleShort": "Packaging",
      "titleLong": "Packaging",
      "unit": "",
      "timespan": "",
      "type": "Numeric",
      "owidVariableId": 146799,
      "citationShort": " – processed by Our World in Data",
      "citationLong": " – processed by Our World in Data. “Packaging” [dataset]. Poore, J., & Nemecek, T. (2018). Reducing food’s environmental impacts through producers and consumers. Science, 360(6392), 987-992. [original data].",
      "fullMetadata": "https://api.ourworldindata.org/v1/indicators/146799.metadata.json"
    },
    "food_emissions_losses": {
      "titleShort": "Losses",
      "titleLong": "Losses",
      "unit": "",
      "timespan": "",
      "type": "Numeric",
      "owidVariableId": 450067,
      "citationShort": " – processed by Our World in Data",
      "citationLong": " – processed by Our World in Data. “Losses” [dataset]. Poore, J., & Nemecek, T. (2018). Reducing food’s environmental impacts through producers and consumers. Science, 360(6392), 987-992. [original data].",
      "fullMetadata": "https://api.ourworldindata.org/v1/indicators/450067.metadata.json"
    }
  },
  "dateDownloaded": "2025-03-18",
  "activeFilters": {
    "country": "Beef (beef herd)~Cheese~Poultry Meat~Milk~Eggs~Rice~Pig Meat~Peas~Bananas~Fish (farmed)~Lamb & Mutton~Beef (dairy herd)~Shrimps (farmed)~Tofu~Coffee~Sunflower Oil~Olive Oil~Palm Oil~Dark Chocolate~Tomatoes~Apples~Barley~Berries & Grapes~Beet Sugar~Brassicas~Cane Sugar~Cassava~Citrus Fruit~Groundnuts~Nuts~Maize~Oatmeal~Onions & Leeks~Other Fruit~Other Pulses~Other Vegetables~Soy milk~Root Vegetables~Rapeseed Oil~Potatoes~Soybean Oil~Wheat & Rye~Wine",
    "stackMode": "relative",
    "facet": "none"
  }
}